slug 0,Відповідальна особа,Категорія,Підкатегорія 3,товари,price 5,name 6,type 7,description 8,quantity,sold,global_rating,discount,t
slug_001,Христя,Техніка,клавіатури,https://rozetka.com.ua/ua/razer_rz03_02741500_r3r1/p179599197/,1199,Клавіатура дротова Razer Cynosa Lite RGB Chroma USB,Клавіатура,"Ігрова клавіатура Razer Cynosa Lite - це потужний девайс для геймерів-початківців, які прагнуть отримати миттєву перевагу. Клавіатура Razer Cynosa Lite оснащена клавішами ігрового рівня з можливістю запису макросів «на льоту» і ув'язненими в міцну конструкцію, що забезпечує захист від проливання рідин. Механізм клавіш мембранного типу дає приємні, м'які тактильні відчуття під час натискання, при збереженні високої точності. Використовуючи можливості Razer Chroma, проявіть творчий підхід з 16.8 мільйонами кольорів і налаштуйте підсвічування під ваш індивідуальний стиль гри.
Тип клавіатури -Мембранні
Під'єднання - Дротове
Розкладка - Eng / Ru
Підсвітка клавіш - RGB
Форма - Повнорозмірна
Особливості - Безшумна
Країна-виробник - Китай
Сумісність з ОС - Mac OS, Microsoft Windows
Інтерфейс - USB
Колір - Чорний",,,,,
slug_002,,,клавіатури,https://www.foxtrot.com.ua/uk/shop/klaviatury_a4tech_fstyler-fk15-white--usb.html,544,Клавіатура A4TECH Fstyler FK15 White,Клавіатура,"Характеристики: Інтерфейс - USB
Особливості - вологостійкість
Комплектація - клавіатура
Клас - стандартна
Конструкція - мембранна
Підключення - дротове
Кількість мультимедійних клавіш - 12
Розкладка - Eng / Ru / Ukr
Радіус дії/довжина кабеля - 1.5
Матеріал корпусу - пластик
Колір - білий
Розміри - 403 x 146 x 26мм
Вага клавіатури - 485г
Гарантія - 12 міс.
",,,,,
slug_003,,,клавіатури,https://www.foxtrot.com.ua/uk/shop/klaviatury_airon_easy-tap-z-tachpadom-4822352781088.html,1 499,Клавіатура AIRON Easy Tap з тачпадом,Клавіатура,"Характеристики
Інтерфейс - Bluetooth
Особливості - сенсорна панель; без цифрового блоку
Тип елементів живлення - вбудований акумулятор
Комплектація - клавіатура
Клас - мультимедійна
Конструкція - мембранна
Підключення - бездротове
Розкладка - Eng / Ru
Радіус дії/довжина кабеля - 100 см.
Матеріал корпусу - пластик
Колір - чорний
Розміри - 26 x 17 x 6мм
Вага клавіатури - 245г
Гарантія - 12 міс.
",,,,,
slug_004,,,навушники,https://rozetka.com.ua/ua/rztk_ms300b/p318858109/,1 199,Навушники RZTK MS300 Black,Навушники,"Надлегка конструкція вагою 208 г, робить навушники практично невідчутними на голові
Тканинні повітропроникні амбушури, забезпечують ідеальний комфорт і звукоізоляцію.Надійне та міцне сталеве кріплення чаш створене для зручності регулювання і вибору максимально зручного положення навушників на голові.М'яка підкладка на дужці наголов'я, мінімізує тиск на голову, знижуючи напруження в разі тривалого використання.Навушники легко керуються однією рукою, позаяк усі кнопки інтегровані на лівому амбушурі. Легко перемикайтеся між музикою, грою і дзвінками без потреби виходу в системне меню.
Тип навушників - Повнорозмірні
Особливості - Android-сумісність, Apple-сумісність
Тип підключення - Комбіновані
Інтерфейс під'єднання - 3.5 мм (mini-Jack), Bluetooth
Мікрофон - Вбудований
Колір - Black and Green
Тип кріплення - З наголов'ям
Функції та можливості - Регулятор гучності,Функція відповіді на дзвінок
Підтримка кодеків - AAC, SBC
Матеріал амбушур - Тканина",,,,,
slug_005,,,навушники,https://rozetka.com.ua/ua/motorola_buds120_b/p332842153/,1 799,Навушники + Чохол | Motorola MOTO BUDS 120 Black,Навушники,"MOTOROLA MOTO BUDS 120 такі легкі, такі мініатюрні та непомітні, що будуть просто невідчутними для тебе. А навколишнім доведеться попрацювати, щоб зрозуміти, що ти в навушниках. Студентам на замітку, до речі!
Тип навушників - TWS (2 окремо)
Особливості - Android-сумісність, Apple-сумісність, З вологозахистом, Світлодіодна підсвітка
Тип підключення - Бездротові
Інтерфейс під'єднання - Bluetooth
Мікрофон - Вбудований
Наявність активного шумозаглушення - Без активного шумозаглушення
Колір - Black
Тип кріплення - З кріпленням у вухах
Функції та можливості - Функція відповіді на дзвінок, Функція плеєра
Матеріал амбушур - Силікон",,,,,
slug_006,,,навушники,https://rozetka.com.ua/ua/hyperx_hx_hscsc2_bk_ww/p207566437/,1 199,Навушники HyperX Cloud Stinger Core PC Black,Навушники,"Сімейство гарнітур HyperX Cloud Stinger відомо завдяки високій якості звуку, легкої конструкції та надійності. Це чудова гарнітура для безлічі гравців, які починають свої пригоди. Підсильте ефект звукового занурення за допомогою об'ємного звуку 7.1, доступних через ПО NGENUITY. Доступні варіанти з провідним і бездротовим підключенням. Більшість моделей включає зручний мікрофон з функцією шумозаглушення і поворотним відключенням. Граєте на ПК, PlayStation або Xbox? У сімействі Stinger обов'язково знайдеться гарнітура, оптимізована для вашого стилю гри.
Тип навушників - Повнорозмірні
Особливості - Android-сумісність, Apple-сумісність, Playstation-сумісність
Тип підключення - Дротові
Інтерфейс під'єднання - 2 х 3.5 мм (mini-Jack), 3.5 мм (mini-Jack)
Мікрофон - Вбудований
Наявність активного шумозаглушення - Без активного шумозаглушення
Колір - Black
Функції та можливості - Регулятор гучності
Матеріал амбушур Тканина
Довжина шнура - 1.7 см",,,,,
slug_007,,,повербанки,https://rozetka.com.ua/ua/368171994/p368171994/,1 459,УМБ Baseus Bipow Digital Display 30000 mAh 20 W Black,Повербанки,"Baseus Bipow Digital Display 20W 30000mAh — портативний зарядний пристрій із 4 роз'ємами та підтримкою швидкого заряджання.Корпус акумулятора пройшов лазерну обробку, тому має поліпшену текстуру, стійку до утворення відбитків пальців і приємну на дотик. Компактні розміри та відповідність міжнародним стандартам повітряних перевезень дають змогу взяти із собою в будь-яку поїздку.
Ємність батареї, мА*год - 30000
Призначення - Для телефонів, Для планшетів, Для ноутбуків
Для смарт-годинників та браслетів, Фотоапаратів
Тип заряджання - QC швидка зарядка 3.0
Заряджається від - USB
Вихідні інтерфейси - USB Type A, USB Type C
Вхідні інтерфейси - Micro-USB, USB Type C
Особливості - Швидке заряджання батареї
Вихідна напруга, В, 5, 9, 12
Вихідна сила струму, А, 1.5, 2, 2.22, 3
Тип акумуляторів - Літій-полімерні (Li-pol)",,,,,
slug_008,,,повербанки,https://www.foxtrot.com.ua/uk/shop/portativnie_zariadnie_ustroistva_line-art_mirror--4000-ma-ch--dzerkalo-z-pidsv--4004m-12.html,844,Powerbank Line Art Mirror 4000 mAh дзеркало з підсвічуванням Pink,Повербанки,"Характеристики
Вихідні роз'єми інтерфейси - USB
Сила струму на виході - 2 A
Торгова марка - Line Art
Ємність - 4000мАг
Тип акумулятора - Li-Pol
Вхідний роз'єм - micro-USB
Кількість USB - 1шт.
Розміри - 90 х 90 х 24
Вага - 180 г
Матеріал корпусу - пластик
Колір - рожевий
Комплектація - micro-USB разъем типа B
Гарантія - гарантія від виробника
",,,,,
slug_009,,,повербанки,https://www.foxtrot.com.ua/uk/shop/portativnie_zariadnie_ustroistva_vinga_10000-mah-wireless-qc3-0-pd-soft-touch-purple.html,899,Powerbank VINGA 10000 маг Wireless QC3.0 PD soft touch Purple,Повербанки,"Вихідні роз'єми інтерфейси - USB; USB Type-C
Сила струму на виході - 1 A; 1.5 A; 2 A; 3 A
Захист - від перенапруги; від перезарядки; від повної розрядки; від короткого замикання
Особливості - протиковзаючий майданчик; швидка зарядка; бездротова зарядка
Торгова марка - VINGA
Ємність - 10000мАг
Тип акумулятора - Li-Pol
Вхідний роз'єм - micro-USB, USB Type-C
Кількість USB - 2шт.
Тривалість зарядки портативної батареї - 6год
Кількість сегментів індикації рівня заряду - 5
Розміри - 151.5 x 72 x 15.5
Вага - 239 г.
Матеріал корпусу - пластик
Колір - пурпурний
Гарантія - 12 міс.
",,,,,
slug_010,,,настільні лампи,https://www.foxtrot.com.ua/uk/shop/svetilniki_mediarange_lampa_nastilna_stylish_led_with_different_light.html,1 999,Настільна лампа MEDIARANGE Stylish LED White,Настільні лампи,"Характеристики
Тип живлення - від мережі
Особливості - регулювання колірної температури; дисплей; USB-порт; поворотний механізм; календар; будильник; регулювання яскравості світла
Тип - LED
Тип вимикача - сенсор
Клас енергоефективності - A
Колір - білий
Висота - 44.5см
Світловий потік - 450Лм
Регулювання яскравості - Так
Гарантія - 6 міс.
",,,,,
slug_011,,,настільні лампи,https://bt.rozetka.com.ua/ua/taigexin-tgx-7007/p375533970/,519,Настільна лампа з акумулятором Taigexin LED TGX-7007 5W 250lm 4100K USB 5V,Настільні лампи,"Led лампа TGX-7007 від бренду FunDesk – це високоякісна та ефективна лампа з LED освітленням, яка стане чудовим доповненням до будь-якого інтер'єру. Лампа виготовлена з високоякісних матеріалів, що забезпечує її довговічність та стійкість до ударів та подряпин. TGX-7007 має холодне світло. Лампа оснащена тач-кнопкою вмикання/вимикання та регулюванням яскравості, що забезпечує зручне керування світлом.
Тип - Функціональні (Для роботи/навчання)
Тип використовуваної лампи - Світлодіодна (LED)
Напруга, В - 5 В
Колір основи - Білий
Колір плафона - Білий
Потужність, Вт - 5 Вт
Джерело живлення - Від акумулятора, Від мережі
Особливості - З USB виходом, Режим нічника
Стиль - Сучасний
Термін служби (тільки LED), год - 15000 год.",,,,,
slug_012,,,настільні лампи,https://bt.rozetka.com.ua/ua/baseus-dgrad-0g/p363576393/,598,Настільна лампа з акумулятором Baseus 3W 4000K USB 5V,Настільні лампи,"Портативна настільна лампа для використання при читанні, малюванні, роботі за комп'ютером та багато іншого. Невеликі розміри та вага дозволяють носити лампу із собою у сумці або рюкзаку. Вбудований акумулятор ємністю 350мАч дає живлення на 5 годин безперервної роботи при максимальній яскравості та до 24 годин при мінімальній.
Тип - Функціональні (Для роботи/навчання)
Тип використовуваної лампи - LED-модуль (незмінне джерело світла)
Призначення - Для читання
Напруга, В - 5 В
Колір основи - Чорний
Колір плафона - Сірий
Потужність, Вт - 3 Вт
Джерело живлення - Від акумулятора, Від мережі
Особливості - З USB виходом , З лампою у комплекті, Режим нічника
Стиль - Сучасний",,,,,
slug_013,,,масажери,https://www.foxtrot.com.ua/uk/shop/massazhyoriy_beurer_smg_11.html,819,Масажер BEURER SMG 11,Масажери,"Характеристики
Види масажу - вібромасаж
Тип масажера - ручний масажер
Кількість режимів масажу - 1
Матеріал - пластик
Розміри - 10 х 10 х 9см
Вага - 160г
Гарантія - 24 міс.
",,,,,
slug_014,,,масажери,https://bt.rozetka.com.ua/ua/recharge-7152-0001/p326037433/,649,Масажер для шиї Recharge,Масажери,"Щоб позбутися постійного напруження, спазмів і тупого болю в зоні шиї, рекомендуємо використовувати електричний масажер. Такий масажер допоможе розслабитися й зняти всі неприємні прояви. Ви позбудетеся головного болю, безсоння, відчуття скутості та інших симптомів.
Сеанси релаксації з електричним масажером Recharge можна проводити будь-де: в офісі, вдома, у подорожі чи відрядженні.
Кількість режимів масажу - 6
Призначення - Для плечей, Для шиї
Вид масажера - Масажний комір
Особливості - Кабель micro USB: 44 см
Довжина кабелю з двома електродами: 75 см
Упаковка: картонна коробка
Комплектація - Масажер, Кабель micro USB, Гелеві накладки - 2 шт., Інструкція англійською мовою
Вага - 0.18 кг
Вид масажу - Імпульсний
Колір - Білий
Живлення - Акумулятор
Габарити (ВхШхГ)
26 х 14 х 5 см",,,,,
slug_015,,,масажери,https://bt.rozetka.com.ua/ua/supretto-8222-0001/p393036339/,399,Масажний килимок Supretto,Масажери,"Якщо наприкінці дня ви відчуваєте неприємну втому в ногах, спробуйте наш масажний рефлекторний килимок Supretto. Він забезпечить релаксацію, розслаблення та полегшення больових відчуттів у ногах та тілі.Рефлексотерапія. Основним принципом дії масажного килимка для ніг є рефлексотерапія. Відомо, що на стопах розташовані спеціально точки, що впливають на все тіло. Масаж цих точок допоможе позбавитися неприємної втоми з ніг і тіла в цілому, покращити мікроциркуляцію, зняти напругу м'язів, набряклість, полегшити тяжкість у ногах.
Призначення - Для стоп
Вид масажера - Масажний килимок, матрац
Особливості - Рельєфна поверхня килимка оснащена двома додатковими масажними ділянками, які впливають на склепіння стопи. Забезпечить релаксацію, розслаблення та полегшення больових відчуттів у ногах та тілі
Комплектація - Килимок рефлекторний, Упаковка
Вага - 0.275 кг
Вид масажу - Акупресура (точковий масаж)
Колір - Зелений
Габарити в упаковці (ВхШхГ) - 35.5 х 37 х 1.5 см
Країна реєстрації бренду - Україна
Гарантія - 14 днів офіційної гарантії від виробника",,,,,
slug_016,Владислава Чайка,Посуд,чашки,https://rozetka.com.ua/ua/282979188/p282979188/,150,Чашка біла з математичними формулами,Чашка ,"Прикольні і незвичайні чашки з написами або з милими малюнками - це позитивні емоції, які залишаються з вами надовго. Оригінальна чашка стане відмінним доповненням до будь-якої кухні, її зовнішній вигляд буде радувати не тільки вас, але і ваших гостей, а пити з цієї чашки одне задоволення!Керамічна чашка стане відмінним подарунком для ваших рідних і близьких людей. Цікавий принт підкреслить стиль і настрій.",,,,,
slug_017,,,чашки,https://rozetka.com.ua/ua/375714933/p375714933/,300,"Кружка біла керамічна Chainik-Rassela з принтом та написом ""Ти ж програміст"" 320 мл",Чашка ,"Гарячий чай або ранкова кава – що може бути кращим? Насправді кращим може бути кружка яка здатна не тільки тримати в собі ваш улюблений напій, але й захищати ваші руки від опіків.
Виготовляючи кружки для наших улюблених покупців ми використовуємо якісну та вельми товсту кераміку, завдяки чому ваші ручки будуть у безпеці. Крім того, ми пропонуємо зручний об’єм у 320 мілілітрів – саме те для чайоманів та фанатів кавових напоїв.
Окремої уваги варті принти, адже ми друкуємо їх з усією любов’ю та не жаліємо фарби, для вашої усмішки. Тож якщо ви хочете посміхатися кожного ранку дивлячись на кружку, як би це не виглядало, або шукаєте подарунок для друга, від якого він буде у захваті – завітайте до каталогу Чайник Рассела, адже нам є що вам запропонувати!",,,,,
slug_018,,,чашки,https://rozetka.com.ua/ua/336143281/p336143281/,450,"Чашка для програміста ""Яке ТЗ""",Чашка ,"Це аксіома: якщо немає чітких критеріїв завдання — чекай від результату чого завгодно. І коли завгодно. Якщо взагалі колись. Кружка програмісту Яке ТЗ нагадує про це. Втім, принцип працює не лише зі сферою IT. Те ж саме можна сказати про дизайнерів, копірайтерів, маркетологів, фотографів... Купити чашку з таким принтом можна багато кому, так що май на увазі якщо шукаєш універсальні подарунки.",,,,,
slug_019,,,термокружки,https://rozetka.com.ua/ua/tramp_trc_030/p1708102/,802,Термос Tramp Expedition Line 0.5 л UTRC-030 Чорний (UTRC-030-black),Термос,"Завдяки подвійній стінці довго зберігає температуру як гарячих, так і холодних напоїв.
Термос укомплектований глухою пробкою з каналами для наливання в напівзакритому стані. Ця конструкція дає змогу наливати рідину, не відкручуючи пробку повністю, що зменшує втрату температури під час експлуатації.
Зроблений із легкого та міцного зносостійкого матеріалу.
Має додаткову пластикову чашку.
Спеціальна обробка внутрішнього покриття дає змогу легко мити термос зсередини.
Завдяки вузькій витягнутій формі термос легко поміщається в рюкзаку або портфелі.
У виробництві використовується високоякісна, екологічно безпечна сировина.",,,,,
slug_020,,,термокружки,https://rozetka.com.ua/ua/tefal-k3140314/p374754267/,1300,Термос Tefal Ponza Pump 1.9 л Червоний (K3140314),Термос,"Ультрасучасний термос Tefal Ponza Pump з передовою технологією Comfort Press для максимальної зручності використання та простоти. Ідеально підходить для будь-якого випадку, відрізняється стильним дизайном і збереженням тепла.
Зручне та легке використання
Технологія Comfort Press забезпечує виняткову простоту використання та комфорт, а помпа дозволяє повністю контролювати кількість.
Продуманість до дрібниць
Легкість наповнення та очищення завдяки таким функціям, як знімний піддон для збору крапель та зручній ручці для перенесення.
Знімна кришка для зручного очищення та наповнення
Знімна кришка робить очищення легким, а процес наповнення простіше простого.
Збереження температури
Термос Tefal Ponza Pump дозволяє насолоджуватися смачними гарячими напоями ідеальної температури до дванадцятої години або холодними напоями до двадцяти чотирьох годин.
Об'єм 1.9 л для великих компаній
Цей ультрасучасний термос місткістю 1.9 л ідеально підійде для великих компаній, будь то вдома, в офісі або на важливих заходах.",,,,,
slug_021,,,термокружки,https://rozetka.com.ua/ua/tefal_k3081114/p21603373/,900,Термокухоль Tefal Travel Mug 0.36 л Чорний (K3081114),Термокружка,"Компанія Tefal — провідний виробник посуду з антипригарним покриттям і світовий лідер з виробництва скороварок, кухонних електроприладів, приладів з приготування їжі та напоїв, прасок і ваг. Tefal прагне до розуміння потреб споживачів і постійного внесення інноваційних рішень. В історії компанії Tefal простежуються яскраві сторінки винахідницьких та інноваційних ідей світового масштабу.
Термокухоль Tefal Travel Mug стане в пригоді в будь-якій ситуації, оскільки здатен підтримувати температуру напою довше за будь-яку чашку, і слугуватиме вам для будь-яких напоїв. Це ідеальне рішення для великого міста, надійний помічник у дорозі.
Термокухоль виготовлено з високоякісної неіржавкої сталі 18/10 із силіконовим покриттям Soft Touch, вакуумна колба з неіржавкої сталі надовго збереже температуру вашого напою. Висока температура триматиметься до 4 годин, низька — до 8 годин.
Термокухоль щільно закривається кришкою із силіконовим ущільнювачем, забезпечуючи 100% герметичність, тож його можна вільно перевертати й класти набік, ставити на сидіння автомобіля або в сумку.
У кришці термокухля є кнопка, яка відкриває отвір для пиття. Це запобігає вихлюпуванню рідини й дає змогу використовувати кухоль навіть під час поїздок в автомобілі.
Форма й розміри термокухля ідеально підходять для будь-якого підсклянника вашого автомобіля.
Годиться для миття в посудомийній машині.",,,,,
slug_022,,,ланч бокси,https://rozetka.com.ua/ua/noveen_070846/p355499763/,1869,Ланч-бокс Noveen LB510 1 л Сірий (070846),Ланч бокс,"Ланч-бокс Noveen LB510 – ідеальний варіант, щоб взяти їжу з собою, для тих, хто цінує здоровий спосіб життя. Стильний зовнішній вигляд, зроблений з якісних матеріалів, внутрішня частина виготовлена зі сталі INOX. Ланч-бокс швидко та якісно розігріє ваші страви, завдяки вбудованому нагрівальному РТС елементу, який здатен розігріти їжу 60 °C за 20 хвилин. А щільна кришечка допоможе зберегти температуру та свіжість ваших страв. Контейнер складається з 3-х відділень, його можна мити у посудомийній машині. Це ідеальний варіант, щоб взяти їжу з собою в дорогу, бо завдяки додатковому блоку живлення на 12 В, страви можна розігрівати в машині.",,,,,
slug_023,,,ланч бокси,https://rozetka.com.ua/ua/377122419/p377122419/,250,"Ланч-бокс Turtle, 850 мл, синій",Ланч бокс,"Дитячий ланч-бокс у вигляді черепахи – це чудовий вибір для батьків, які хочуть забезпечити своїх дітей здоровим та смачним харчуванням під час шкільного обіду чи поїздки. Цей ланч-бокс має унікальний та привабливий дизайн у вигляді черепахи, який напевно сподобається дітям. Він має два рівні, що дозволяє розмістити різні страви в одному контейнері та не змішувати їх. Кожен рівень ланч-боксу оснащений кришкою, яка щільно закривається, щоб зберегти свіжість та смак страв. Крім того, ланч-бокс поставляється з ложкою, що робить його зручним та практичним у використанні. Цей ланч-бокс виготовлений із безпечних для дітей матеріалів, таких як пластик, та легко миється. Він також досить компактний, щоб поміститися в рюкзак або сумку для перенесення. Цей ланч-бокс у вигляді черепахи - чудовий вибір для батьків, які хочуть запропонувати своїм дітям смачне та здорове харчування під час обіду у школі чи поїздці.",,,,,
slug_024,,,ланч бокси,https://rozetka.com.ua/ua/384217770/p384217770/,230,"Ланч-бокс подвійний Эко ""Lunch box"", 750мл, бежевий",Ланч бокс,"Еко ланч-бокс на 750 мл з двома рівнями, ложкою та виделкою є ідеальним способом зберігання вашого обіду, одночасно піклуючись про навколишнє середовище. Цей ланч-бокс виготовлений з додаванням безпечної біорозкладної сировини, що включає перероблені волокна пшениці, солому та рис, що дозволяє йому бути екологічною альтернативою традиційним пластиковим контейнерам. Завдяки ємності на 750 мл, у вас є достатньо місця для вашого улюбленого обіду, закусок та фруктів. Дворівнева конструкція дозволяє зберігати різні види їжі окремо, щоб запобігти змішуванню запахів та зберегти їх свіжість. Цей еко ланч-бокс постачається з екологічною ложкою та виделкою, що додатково підсилюють його екологічний вплив. Вони виготовлені з біорозкладного пластику, що забезпечує їх безпечність та природності. Використання таких приборів допомагає зменшити споживання одноразових пластикових виробів та сприяє збереженню природних ресурсів. Крім екологічних переваг, цей ланч-бокс має сучасний дизайн та стійкість. Він зручно вміщується у вашу сумку, рюкзак або робочу сумку, забезпечуючи зручне перенесення та зберігання. Можете бути спокійні, знаючи, що ваш ланч не тільки збереже його свіжість, але й внесе свій внесок у збереження довкілля. Оберіть еко ланч-бокс на 750 мл з двома рівнями, ложкою та виделкою еко пластику і зробіть свій обід не тільки смачним, але й екологічно збалансованим.",,,,,
slug_025,,,пляшки для води,https://rozetka.com.ua/ua/uzspace_6955482371008/p72510921/,599,Фляга для води Uzspace Frosted 1000 мл Салатова (6955482371008),Пляшка для води,"Пляшка для води Kite — виготовлена з тритану. Тритан — надійний, міцний, безпечний пластик без запаху та смаку. Не такий крихкий, як скло, але легкий і прозорий матеріал. Пляшечки слугуватимуть довго та збережуть свій первинний вигляд. Вироби з тритану не містять бісфенолу А (він небезпечний через те, що під час нагрівання або тривалого зберігання харчових продуктів у посуді, переходить із пластику в їжу та має негативний вплив на здоров'я), можуть витримувати температуру до 90 °C. Пляшка безпечна для здоров'я. Пляшки мають оригінальний, стильний і зручний дизайн. Їх також можна мити в посудомийній машині.",,,,,
slug_026,,,пляшки для води,https://rozetka.com.ua/ua/kite_k22_400_02/p353783883/,251,Пляшечка для води Kite 530 мл Синя (K22-400-02),Пляшка для води,"Пляшка для води Kite — виготовлена з тритану. Тритан — надійний, міцний, безпечний пластик без запаху та смаку. Не такий крихкий, як скло, але легкий і прозорий матеріал. Пляшечки слугуватимуть довго та збережуть свій первинний вигляд. Вироби з тритану не містять бісфенолу А (він небезпечний через те, що під час нагрівання або тривалого зберігання харчових продуктів у посуді, переходить із пластику в їжу та має негативний вплив на здоров'я), можуть витримувати температуру до 90 °C. Пляшка безпечна для здоров'я. Пляшки мають оригінальний, стильний і зручний дизайн. Їх також можна мити в посудомийній машині.",,,,,
slug_027,,,пляшки для води,https://rozetka.com.ua/ua/casno_kxn_1183_pink/p250629246/,290,Пляшка для води Casno KXN-1183 850 мл Рожева (KXN-1183_Pink),Пляшка для води,"Casno — пляшка для води, виготовлена з якісного Р7 поліефірного пластику, вона не має стороннього запаху, зручна у використанні, не шкідлива для здоров'я. Вона ідеально підходить для піших прогулянок, їзди на велосипеді, для кемпінгу, трекінгу, бігу, йоги й будь-яких інших видів спорту будинку, у тренажерному залі та в офісі. Ця пляшка — ідеальний вибір для подарунка! Чудові якості матеріалу та неймовірний вибір кольорів не залишать байдужим жодного споживача! Мірне маркування й широке горло дає змогу використовувати пляшку як шейкер для спортивного харчування!",,,,,
slug_028,Ілона,Їжа,цукерки,,,,,,,,,,
slug_029,,,цукерки,,,,,,,,,,
slug_030,,,цукерки,,,,,,,,,,
slug_031,,,печиво з передбаченням,,,,,,,,,,
slug_032,,,печиво з передбаченням,,,,,,,,,,
slug_033,,,печиво з передбаченням,,,,,,,,,,
slug_034,,,чай,,,,,,,,,,
slug_035,,,чай,,,,,,,,,,
slug_036,,,чай,,,,,,,,,,
slug_037,,,кава,,,,,,,,,,
slug_038,,,кава,,,,,,,,,,
slug_039,,,кава,,,,,,,,,,
slug_040,,,суміші для коктейлів,,,,,,,,,,
slug_041,,,суміші для коктейлів,,,,,,,,,,
slug_042,,,суміші для коктейлів,,,,,,,,,,
slug_043,Олексій,Знання,книги,https://rozetka.com.ua/ua/69297506/p69297506/,519,Жива 4D Енциклопедія Космос (ТМ Devar)Доповнена реальність (UA),Книга,"Космічна енциклопедія в доповненій реальності - це дивовижна книга, яка дозволить Вам відправитися в справжню космічну подорож до далеких зірок та відкрити секрети галактики Чумацького Шляху та всієї нашої Сонячної системи. Наша подорож починається прямо зараз. Ви готові вирушити у подорож?

Дізнатися про таємниці космосу може кожен за допомогою енциклопедії Космос у доповненій реальності від ТМ Devar. За допомогою безкоштовної програми DEVAR можна детально розглянути 62 основні космічні тіла без телескопа.

Наближайте, обертайте та розглядайте космічні об'єкти: планети, супутники та астероїди; Планету можна розкрити, дізнатися про її склад; Активуйте режим супутника та дізнайтеся про нього багато цікавого. Кожен супутник планети можна розглянути докладно та дізнатися факти про нього від робота-помічника; Поринайте прямо вглиб Стовпів творіння і чорної дірки; Дізнайтеся, де розташована планета щодо Сонця; Викличте вашого персонального робота-помічника, щоб дізнатися цікаві факти про космічні тіла.

Тримай свій пристрій над сторінкою і дивися, як вона оживає. Ти зможеш розглянути зображення з усіх боків, вивчити та запам'ятати основні терміни.",,,,,
slug_044,,,книги,https://rozetka.com.ua/ua/354792483/p354792483/,239,Англійська мова за 4 тижні. ,Книга,"Автор:        Малгожата Глоговська
ISBN:        978-966-10-6143-8
Рік видання:        2022
Мова:         Українсько-англійська
Палітурка:        М'яка
Кількість сторінок:        465",,,,,
slug_045,,,книги,https://rozetka.com.ua/ua/365174805/p365174805/,1224,"Книга в шкірі ""Віскі"" Марки і типи. Ілюстрована енциклопедія",Книга,"Ілюстрована енциклопедія Віскі. Марки і типи Відмінна подарункова книга в шкіряній палітурці з футляром для любителів і цінителів віскі ""Віскі. Ілюстрована енциклопедія"". Шанувальники цього міцного ароматного алкогольного напою зможуть сповна насолодитися її читанням і не тільки - у книзі наведені рецепти приготування коктейлів на основі віскі. Із цього видання ви зможете дізнатися: - все про культуру та історію віскі - які способи виробництва віскі - як правильно пити віскі і золоті правила дегустації - про що свідчить інформація на етикетці - країни-виробники, марки віскі, основні типи віскі і особливості виробництва (Шотландія, Ірландія, США, Канада, Японія та інші) - рецепти приготування та правила прикраси коктейлів з віскі Матеріал: мідь, золото, шкіра Додатково: Під будь-яку книгу ми можемо виготовити футляр з натурального дерева. Ціну та строк виготовлення уточнюйте у менеджерів. Формат видання, мм: 190х270 Готова книга може відрізнятися від представленої на фото.",,,,,
slug_046,,,курси,https://profstudy.com.ua/uk/,599,Курс конструювання та шиття,Курс,Під час навчання Ви опануєте найголовніші теми у конструюванні та пошитті одягу!,,,,,
slug_047,,,курси,https://itvdn.com/ua/subscriptions/giftcertificate/6-months,1500,Подарунковий сертифікат itvdn,Курс,"Навчатися за відео курсами – це дуже зручно! Вивчай сучасні технології легко та із задоволенням! Оціни переваги навчання з відео курсів прямо зараз. Вибирай курс чи спеціальність, яка тебе цікавить та отримай безкоштовний пробний доступ. Дивись відео уроки, виконуй практичні завдання та формуй навички програмування на інтерактивному тренажері. Ми допоможемо тобі стати крутим фахівцем!",,,,,
slug_048,,,курси,https://oxford-school.com.ua/uk/price.html,1900,Курси англійської,Курс,"Всім студентам школи Oxford School надається персональний номер, який використовується для входу в особистий обліковий запис на нашому сайті і для отримання різних бонусів та знижок.",,,,,
slug_049,,Одяг,шкарпетки,,,,,,,,,,
slug_050,,,шкарпетки,,,,,,,,,,
slug_051,,,шкарпетки,,,,,,,,,,
slug_052,,,футболки,,,,,,,,,,
slug_053,,,футболки,,,,,,,,,,
slug_054,,,футболки,,,,,,,,,,
slug_055,,,худі,,,,,,,,,,
slug_056,,,худі,,,,,,,,,,
slug_057,,,худі,,,,,,,,,,
slug_058,,,пледи з рукавами,,,,,,,,,,
slug_059,,,пледи з рукавами,,,,,,,,,,
slug_060,,,пледи з рукавами,,,,,,,,,,
slug_061,,,тапці,,,,,,,,,,
slug_062,,,тапці,,,,,,,,,,
slug_063,,,тапці,,,,,,,,,,
slug_064,Владислав Самокрик,Аксесуари,рюкзаки,https://samsonite.ua/ru/move-40-zhnochy-ryukzak-kj601024?iln=Category&ili=cat1146,3680,Жіночий рюкзак MOVE 4.0 DARK BLUE,Рюкзак,"Усі моделі створені для максимального комфорту. Крім того, рюкзаки оснащені світловідбивними деталями і карабіном для кріплення велосипедного ліхтаря. Міський стиль і екологічно чисті матеріали доповнюють цю колекцію.",,,,,
slug_065,,,рюкзаки,https://www.moyo.ua/ryukzak_wenger_crango_16_krasno-chyornyy/547653.html,1500,"Рюкзак Wenger, Crango 16""",Рюкзак,"Переносьте своє спорядження стильно з рюкзаками серії Wenger Crango 16"". Завдяки спеціальному відділенню supersoft для розміщення 16-дюймового ноутбука, а також органайзеру для речей першої необхідності: шнури живлення, зарядні пристрої, письмове приладдя, візитні картки та багато іншого саме там, де вони вам потрібні. Wenger Crango 16 це ідеальний рюкзак, який можна взяти з собою практично куди завгодно. Завдяки внутрішньому поділу, ваші документи і папки залишаться недоторканими, а спеціальний патч забезпечить захист вам і вашому велосипеду, коли ви перебуваєте в дорозі.",,,,,
slug_066,,,рюкзаки,https://www.moyo.ua/ryukzak_hp_renew_travel_15_6_laptop_backpack_2z8a3aa_/513857.html,2999,"Рюкзак HP Renew Travel 15.6"" Laptop Backpack",Рюкзак,"Погляньте на рюкзак для подорожей HP Renew Travel, у який зміститься ноутбук із діагоналлю 15,6 дюйма. Він зроблений з екологічних матеріалів. Акуратно розкладайте речі по безлічі кишень і фіксуйте рюкзак завдяки зручним ремінцям.",,,,,
slug_067,,,чохли для ноутбуків,https://rozetka.com.ua/grand_x_slx_14g/p266124546/,359,"Чехол для ноутбука Grand-X SLX-14G 14"" Grey",Чохол,"Ця модель унікальна тим, що може використовуватися як як чохол, при цьому його ручка ховається, а сама вона поміщається у велику сумку або рюкзак, так і як незалежна портативна мінімалістична сумка. Ще одна відмінна риса - дуже м'яка, приємна на дотик внутрішня підкладка, яка захищає ноутбук від подряпин або інших дрібних пошкоджень. Чохол має зручну додаткову зовнішню кишеню на блискавці, яку можна використовувати для перенесення блока живлення, мишки, блокнота тощо.",,,,,
slug_068,,,чохли для ноутбуків,https://rozetka.com.ua/grand-x-sf-15/p364314639/,225,Чехол для ноутбука Grand-X SF-15 15.6'' Grey,Чохол,"Чохол для ноутбука Grand-X SF-15 підійде для ноутбуків з діагоналлю 15.6"" і менше. Дана модель унікальна тим, що незважаючи на доступну ціну відмінно підходить для захисту ноутбука, м'яка, приємна на дотик фетрова тканина, захищає ноутбук від подряпин або інших дрібних пошкоджень. Переносити ноутбук можна як у чохлі, так і упакувавши чохол із пристроєм у сумку або рюкзак. Якщо ви любите, щоб ноутбук після деякого часу використання мав вигляд як новий, без потертостей і дрібних подряпин, такий чохол може бути цікавим вибором.",,,,,
slug_069,,,чохли для ноутбуків,https://www.moyo.ua/chekhol_tucano_offroad_cam_13_14_kamuflyazh/538796.html,1 399,"Чехол Tucano Offroad CAM 13""/14"", камуфляж",Чохол,"Еластичний неопреновий чохол для ноутбуків 13"" і 14"" з протиударним зовнішнім бампером, що ефективно захищає пристрій від ударів і падінь. Оснащений системою Anti-Slip System, двома кутовими вушками, призначеними для фіксації пристрою, Second Skin Offroad має зручний отвір з подвійною тягою і м'яку, стійку до подряпин внутрішню частину.",,,,,
slug_070,,,шопери,https://www.olx.ua/d/uk/obyavlenie/ko-sumki-patrotichn-shoperi-eko-sumka-slava-ukran-eko-torba-IDPccJt.html,280,Патріотична еко сумка Слава Україні,Шопер,"Екоторба з патріотичним принтом.
Стильна та екологічна альтернатива поліетиеновим пакетам.
Щільна та натуральна тканина",,,,,
slug_071,,,шопери,https://rozetka.com.ua/355648773/p355648773/,315,"Еко-сумка шопер чорна з патріотичним принтом ""Home""",Шопер,"Эко сумка (шоппер) - альтернативная замена полиэтиленовым пакетам и красивое решение;
Сумка сделана из плотной ткани и прослужит вам очень долго;
С нашей эко сумкой вы всегда будете оригинальными и неповторимыми;
По желанию можно изменить текст, рисунок или цвет нанесения;
А также можем сделать с любым вашим принтом.",,,,,
slug_072,,,шопери,https://www.fatline.com.ua/ua/sumka-ya-mnogo-rabotayu.html,278,Шопер Я багато працюю,Шопер,"Шопер «Я багато працюю» (3249907) з колекції «Прикольні написи» – популярна позиція каталогу FatLine, яка відрізняється високою якістю як самого виробу, так і нанесеного принта. Екосумка зі 100% натуральної бавовни (саржа). Щільність тканини 220 г/м2, ручка 70 см. Матеріал основи - 100% бавовна (саржа). Тип друку - DTF-друк.
Принт стійкий до дії ультрафіолету, води, перепадів температури. За умов належного догляду довгий час зберігає колір, чіткість ліній і цілісність.",,,,,
slug_073,,,брелоки,https://rozetka.com.ua/376309500/p376309500/,235,"Металевий брелок на ключі з гравіюванням ""Я програміст""",Брелок,"Брелок на ключі з гравіюванням - це не тільки стильний аксесуар, а й гарний варіант подарунка для представників різних професій. На брелоку можна написати все, що завгодно, додати малюнок, смішний текст або цікаву цитату. Виріб надійно фіксується на ключах за допомогою спеціального кріпильного кільця. Брелок поставляється в красивій подарунковій коробці з логотипом і подарунковому пакетику.",,,,,
slug_074,,,брелоки,https://rozetka.com.ua/brelok-na-kluci-zaryad-karta-ukrainy-metall-534/g43492222/,149,"Патріотичний Брелок На Ключі ""Карта України"" Патріотичний Брелок На Ключі ""Карта України""",Брелок,"Представляємо вам подарунковий брелок для справжнього патріота! Стильний і яскравий брелок для ключів тішить око і створює чудовий настрій. Брелоки потрібні скрізь: у сумку, на ключі від будинку, на ключі від автомобіля, дехто навіть використовує брелок як тримач для картки. Це універсальний і корисний подарунок для кожного.",,,,,
slug_075,,,брелоки,https://rozetka.com.ua/maxi-mx63048/p329349679/,50,Брелок на ланцюжку гумовий Бадьорий лінивець,Брелок,"Щоб надати будь-якому створюваному образу оригінальну родзинку, часом буває достатньо скористатися невеликою прикрасою. Компанією Maxi представлений великий вибір брелоків, пофарбованих у яскраві кольори, які привертають увагу різноманітністю форм і різновидів. Вибір за вами.",,,,,
slug_076,,Канцелярія,Блокноти,,,,,,,,,,
slug_077,,,Блокноти,,,,,,,,,,
slug_078,,,Блокноти,,,,,,,,,,
slug_079,,,Планери,,,,,,,,,,
slug_080,,,Планери,,,,,,,,,,
slug_081,,,Планери,,,,,,,,,,
slug_082,,,Магнітні дошки,,,,,,,,,,
slug_083,,,Магнітні дошки,,,,,,,,,,
slug_084,,,Магнітні дошки,,,,,,,,,,
slug_085,,,Ручки,,,,,,,,,,
slug_086,,,Ручки,,,,,,,,,,
slug_087,,,Ручки,,,,,,,,,,